cn,firstname,lastname,maildomain,sam,ou,password,description
924940,924940,Test User 1,Contoso.com,924940,"OU=Users,OU=Corp,DC=Contoso,DC=com",Password01!!,Automatic Import
924941,924941,Test User 2,Contoso.com,924941,"OU=Users,OU=Corp,DC=Contoso,DC=com",Password01!!,Automatic Import
924942,924942,Test User 3,Contoso.com,924942,"OU=Users,OU=Corp,DC=Contoso,DC=com",Password01!!,Automatic Import
924943,924943,Test User 4,Contoso.com,924943,"OU=Users,OU=Corp,DC=Contoso,DC=com",Password01!!,Automatic Import
924944,924944,Test User 5,Contoso.com,924944,"OU=Users,OU=Corp,DC=Contoso,DC=com",Password01!!,Automatic Import
924945,924945,Test User 6,Contoso.com,924945,"OU=Users,OU=Corp,DC=Contoso,DC=com",Password01!!,Automatic Import
924946,924946,Test User 7,Contoso.com,924946,"OU=Users,OU=Corp,DC=Contoso,DC=com",Password01!!,Automatic Import
924947,924947,Test User 8,Contoso.com,924947,"OU=Users,OU=Corp,DC=Contoso,DC=com",Password01!!,Automatic Import
924948,924948,Test User 9,Contoso.com,924948,"OU=Users,OU=Corp,DC=Contoso,DC=com",Password01!!,Automatic Import
924949,924949,Test User 10,Contoso.com,924949,"OU=Users,OU=Corp,DC=Contoso,DC=com",Password01!!,Automatic Import
924950,924950,Test User 11,Contoso.com,924950,"OU=Users,OU=Corp,DC=Contoso,DC=com",Password01!!,Automatic Import
924951,924951,Test User 12,Contoso.com,924951,"OU=Users,OU=Corp,DC=Contoso,DC=com",Password01!!,Automatic Import
924952,924952,Test User 13,Contoso.com,924952,"OU=Users,OU=Corp,DC=Contoso,DC=com",Password01!!,Automatic Import
924953,924953,Test User 14,Contoso.com,924953,"OU=Users,OU=Corp,DC=Contoso,DC=com",Password01!!,Automatic Import
924954,924954,Test User 15,Contoso.com,924954,"OU=Users,OU=Corp,DC=Contoso,DC=com",Password01!!,Automatic Import
